{
  "dashboard": {
    "title": "TrafficApp – Parsing & Routing",
    "tags": ["trafficapp", "monitoring"],
    "timezone": "browser",
    "schemaVersion": 36,
    "version": 1,
    "refresh": "30s",
    "panels": [
      {
        "id": 1,
        "title": "Parsing Status (Rate)",
        "type": "graph",
        "gridPos": {"h": 8, "w": 12, "x": 0, "y": 0},
        "targets": [
          {
            "expr": "rate(famo_parse_ok_total[5m])",
            "legendFormat": "OK"
          },
          {
            "expr": "rate(famo_parse_warn_total[5m])",
            "legendFormat": "WARN"
          },
          {
            "expr": "rate(famo_parse_bad_total[5m])",
            "legendFormat": "BAD"
          }
        ],
        "yaxes": [
          {"format": "short", "label": "Rate (ops/s)"},
          {"format": "short"}
        ]
      },
      {
        "id": 2,
        "title": "Geocoding Status (Rate)",
        "type": "graph",
        "gridPos": {"h": 8, "w": 12, "x": 12, "y": 0},
        "targets": [
          {
            "expr": "rate(famo_geocode_ok_total[5m])",
            "legendFormat": "OK"
          },
          {
            "expr": "rate(famo_geocode_failed_total[5m])",
            "legendFormat": "Failed"
          },
          {
            "expr": "rate(famo_geocode_correction_hit_total[5m])",
            "legendFormat": "Correction Hit"
          }
        ],
        "yaxes": [
          {"format": "short", "label": "Rate (ops/s)"},
          {"format": "short"}
        ]
      },
      {
        "id": 3,
        "title": "Pending Queue",
        "type": "stat",
        "gridPos": {"h": 4, "w": 6, "x": 0, "y": 8},
        "targets": [
          {
            "expr": "famo_geocode_queue_pending",
            "legendFormat": "Queue"
          }
        ],
        "fieldConfig": {
          "defaults": {
            "color": {"mode": "thresholds"},
            "thresholds": {
              "mode": "absolute",
              "steps": [
                {"value": 0, "color": "green"},
                {"value": 10, "color": "yellow"},
                {"value": 50, "color": "red"}
              ]
            }
          }
        }
      },
      {
        "id": 4,
        "title": "Korrekturen gesamt",
        "type": "stat",
        "gridPos": {"h": 4, "w": 6, "x": 6, "y": 8},
        "targets": [
          {
            "expr": "famo_address_corrections_total",
            "legendFormat": "Corrections"
          }
        ]
      },
      {
        "id": 5,
        "title": "Manual Queue",
        "type": "stat",
        "gridPos": {"h": 4, "w": 6, "x": 12, "y": 8},
        "targets": [
          {
            "expr": "famo_manual_queue_total",
            "legendFormat": "Manual"
          }
        ]
      },
      {
        "id": 6,
        "title": "Routenoptimierung Dauer (p95)",
        "type": "graph",
        "gridPos": {"h": 8, "w": 12, "x": 0, "y": 12},
        "targets": [
          {
            "expr": "histogram_quantile(0.95, sum(rate(famo_route_opt_duration_seconds_bucket[5m])) by (le))",
            "legendFormat": "p95"
          },
          {
            "expr": "histogram_quantile(0.50, sum(rate(famo_route_opt_duration_seconds_bucket[5m])) by (le))",
            "legendFormat": "p50"
          }
        ],
        "yaxes": [
          {"format": "s", "label": "Duration (s)"},
          {"format": "short"}
        ]
      },
      {
        "id": 7,
        "title": "CSV-Verarbeitung Dauer (p95)",
        "type": "graph",
        "gridPos": {"h": 8, "w": 12, "x": 12, "y": 12},
        "targets": [
          {
            "expr": "histogram_quantile(0.95, sum(rate(famo_csv_process_duration_seconds_bucket[5m])) by (le))",
            "legendFormat": "p95"
          },
          {
            "expr": "histogram_quantile(0.50, sum(rate(famo_csv_process_duration_seconds_bucket[5m])) by (le))",
            "legendFormat": "p50"
          }
        ],
        "yaxes": [
          {"format": "s", "label": "Duration (s)"},
          {"format": "short"}
        ]
      },
      {
        "id": 8,
        "title": "Geocoding Dauer (p95)",
        "type": "graph",
        "gridPos": {"h": 8, "w": 12, "x": 0, "y": 20},
        "targets": [
          {
            "expr": "histogram_quantile(0.95, sum(rate(famo_geocode_duration_seconds_bucket[5m])) by (le))",
            "legendFormat": "p95"
          },
          {
            "expr": "histogram_quantile(0.50, sum(rate(famo_geocode_duration_seconds_bucket[5m])) by (le))",
            "legendFormat": "p50"
          }
        ],
        "yaxes": [
          {"format": "s", "label": "Duration (s)"},
          {"format": "short"}
        ]
      }
    ]
  }
}

