{
  "mapping_version": "1.0",
  "created_at": "2025-10-08T07:32:34.234994",
  "description": "BAR-Kunden-Mappings basierend auf Tourplan-Analyse",
  "mappings": [
    {
      "canonical_name": "Turboservice Ingo Barthel",
      "canonical_address": "Bohnitzscher Str. 4, 01662 Meißen",
      "canonical_lat": null,
      "canonical_lon": null,
      "kdnr": "",
      "category": "autoservice",
      "description": "Turboservice Ingo Barthel - BAR-Kunde",
      "variants": [
        {
          "name": "Turboservice Ingo Barthel",
          "address": "Bohnitzscher Str. 4, 01662 Meißen",
          "confidence": 1.0,
          "source": "tourplan_analysis"
        }
      ],
      "tour_occurrences": 15,
      "last_seen": "2025-10-01"
    },
    {
      "canonical_name": "Testa Baresi",
      "canonical_address": "Lausener Str. 4B, 04207 Leipzig",
      "canonical_lat": null,
      "canonical_lon": null,
      "kdnr": "",
      "category": "autoservice",
      "description": "Testa Baresi - BAR-Kunde",
      "variants": [
        {
          "name": "Testa Baresi",
          "address": "Lausener Str. 4B, 04207 Leipzig",
          "confidence": 1.0,
          "source": "tourplan_analysis"
        }
      ],
      "tour_occurrences": 19,
      "last_seen": "2025-09-29"
    }
  ]
}